{"v":"5.5.9","fr":29.9700012207031,"ip":0,"op":30.0000012219251,"w":90,"h":56,"nm":"navbar","ddd":0,"assets":[],"layers":[{"ddd":0,"ind":1,"ty":4,"nm":"Matches_i Outlines","sr":1,"ks":{"o":{"a":0,"k":100,"ix":11},"r":{"a":0,"k":0,"ix":10},"p":{"a":1,"k":[{"i":{"x":0.667,"y":1},"o":{"x":0.333,"y":0},"t":0,"s":[45,27.701,0],"to":[0,-1.5,0],"ti":[0,1.5,0]},{"t":20.0000008146167,"s":[45,18.701,0]}],"ix":2},"a":{"a":0,"k":[12.858,10.551,0],"ix":1},"s":{"a":1,"k":[{"i":{"x":[0.667,0.667,0.667],"y":[1,1,1]},"o":{"x":[0.333,0.333,0.333],"y":[0,0,0]},"t":0,"s":[100,100,100]},{"i":{"x":[0.667,0.667,0.667],"y":[1,1,1]},"o":{"x":[0.333,0.333,0.333],"y":[0,0,0]},"t":10,"s":[0,0,100]},{"t":20.0000008146167,"s":[100,100,100]}],"ix":6}},"ao":0,"shapes":[{"ty":"gr","it":[{"ind":0,"ty":"sh","ix":1,"ks":{"a":0,"k":{"i":[[0.319,0.002],[0.227,0.22],[0,0],[-2.433,2.412],[-2.454,-2.399],[0,0],[0,0],[-2.454,-2.399],[2.433,-2.411],[0,0]],"o":[[-0.319,0.002],[0,0],[-2.433,-2.411],[2.454,-2.399],[0,0],[0,0],[2.454,-2.399],[2.433,2.412],[0,0],[-0.227,0.22]],"v":[[0,10.299],[-0.852,9.958],[-10.175,0.804],[-10.175,-7.902],[-1.296,-7.902],[0,-6.631],[1.296,-7.902],[10.175,-7.902],[10.175,0.804],[0.852,9.958]],"c":true},"ix":2},"nm":"Path 1","mn":"ADBE Vector Shape - Group","hd":false},{"ty":"gf","o":{"a":0,"k":100,"ix":10},"r":1,"bm":0,"g":{"p":3,"k":{"a":1,"k":[{"i":{"x":0.833,"y":0.833},"o":{"x":0.167,"y":0.167},"t":10,"s":[0,0.212,0.212,0.212,0.5,0.212,0.212,0.212,1,0.212,0.212,0.212]},{"t":20.0000008146167,"s":[0,0.784,0.427,0.843,0.5,0.486,0.282,0.763,1,0.188,0.137,0.682]}],"ix":9}},"s":{"a":0,"k":[-32.839,-27.248],"ix":5},"e":{"a":0,"k":[16.497,13.982],"ix":6},"t":1,"nm":"Gradient Fill 1","mn":"ADBE Vector Graphic - G-Fill","hd":false},{"ty":"tr","p":{"a":0,"k":[12.858,10.551],"ix":2},"a":{"a":0,"k":[0,0],"ix":1},"s":{"a":0,"k":[100,100],"ix":3},"r":{"a":0,"k":0,"ix":6},"o":{"a":0,"k":100,"ix":7},"sk":{"a":0,"k":0,"ix":4},"sa":{"a":0,"k":0,"ix":5},"nm":"Transform"}],"nm":"Group 1","np":2,"cix":2,"bm":0,"ix":1,"mn":"ADBE Vector Group","hd":false}],"ip":0,"op":150.000006109625,"st":0,"bm":0},{"ddd":0,"ind":2,"ty":4,"nm":"Matches_t Outlines","td":1,"sr":1,"ks":{"o":{"a":0,"k":100,"ix":11},"r":{"a":0,"k":0,"ix":10},"p":{"a":1,"k":[{"i":{"x":0.667,"y":1},"o":{"x":0.333,"y":0},"t":0,"s":[45,28,0],"to":[0,2.525,0],"ti":[0,-2.525,0]},{"t":20.0000008146167,"s":[45,43.152,0]}],"ix":2},"a":{"a":0,"k":[18.859,3.162,0],"ix":1},"s":{"a":0,"k":[100,100,100],"ix":6}},"ao":0,"shapes":[{"ty":"gr","it":[{"ind":0,"ty":"sh","ix":1,"ks":{"a":0,"k":{"i":[[0.47,0],[0.267,0.051],[0.233,0.102],[0.176,0.145],[0,0],[-0.298,-0.096],[-0.357,0],[-0.216,0.138],[0,0.251],[0.096,0.098],[0.192,0.069],[0.283,0.065],[0.256,0.093],[0.17,0.128],[0.088,0.18],[0,0.245],[-0.182,0.261],[-0.328,0.146],[-0.443,0],[-0.254,-0.054],[-0.213,-0.098],[-0.156,-0.145],[0,0],[0.278,0.098],[0.304,0],[0.213,-0.15],[0,-0.267],[-0.089,-0.102],[-0.184,-0.069],[-0.288,-0.069],[-0.259,-0.091],[-0.181,-0.126],[-0.093,-0.173],[0,-0.24],[0.182,-0.254],[0.339,-0.137]],"o":[[-0.293,0],[-0.266,-0.051],[-0.231,-0.1],[0,0],[0.288,0.214],[0.299,0.097],[0.395,0],[0.217,-0.139],[0,-0.15],[-0.096,-0.099],[-0.192,-0.07],[-0.336,-0.063],[-0.256,-0.094],[-0.171,-0.129],[-0.088,-0.178],[0,-0.336],[0.18,-0.262],[0.328,-0.147],[0.267,0],[0.253,0.053],[0.214,0.099],[0,0],[-0.256,-0.208],[-0.277,-0.099],[-0.368,0],[-0.213,0.149],[0,0.154],[0.088,0.101],[0.185,0.07],[0.331,0.07],[0.258,0.091],[0.182,0.125],[0.094,0.174],[0,0.342],[-0.181,0.253],[-0.338,0.136]],"v":[[-0.033,2.912],[-0.873,2.836],[-1.621,2.607],[-2.232,2.239],[-1.888,1.487],[-1.009,1.951],[-0.025,2.096],[0.891,1.888],[1.215,1.304],[1.071,0.932],[0.639,0.68],[-0.073,0.479],[-0.961,0.244],[-1.6,-0.088],[-1.989,-0.549],[-2.121,-1.185],[-1.848,-2.08],[-1.085,-2.692],[0.071,-2.912],[0.852,-2.832],[1.551,-2.605],[2.104,-2.24],[1.751,-1.488],[0.951,-1.948],[0.079,-2.097],[-0.793,-1.872],[-1.113,-1.248],[-0.98,-0.864],[-0.573,-0.609],[0.135,-0.401],[1.02,-0.16],[1.679,0.164],[2.091,0.611],[2.232,1.231],[1.959,2.124],[1.179,2.708]],"c":true},"ix":2},"nm":"Path 1","mn":"ADBE Vector Shape - Group","hd":false},{"ty":"fl","c":{"a":0,"k":[0.211999990426,0.211999990426,0.211999990426,1],"ix":4},"o":{"a":0,"k":100,"ix":5},"r":1,"bm":0,"nm":"Fill 1","mn":"ADBE Vector Graphic - Fill","hd":false},{"ty":"tr","p":{"a":0,"k":[35.235,3.162],"ix":2},"a":{"a":0,"k":[0,0],"ix":1},"s":{"a":0,"k":[100,100],"ix":3},"r":{"a":0,"k":0,"ix":6},"o":{"a":0,"k":100,"ix":7},"sk":{"a":0,"k":0,"ix":4},"sa":{"a":0,"k":0,"ix":5},"nm":"Transform"}],"nm":"Group 1","np":2,"cix":2,"bm":0,"ix":1,"mn":"ADBE Vector Group","hd":false},{"ty":"gr","it":[{"ind":0,"ty":"sh","ix":1,"ks":{"a":0,"k":{"i":[[0,0],[0,0],[0,0],[0,0],[0,0],[0,0],[0,0],[0,0],[0,0],[0,0],[0,0],[0,0]],"o":[[0,0],[0,0],[0,0],[0,0],[0,0],[0,0],[0,0],[0,0],[0,0],[0,0],[0,0],[0,0]],"v":[[-1.904,2.848],[-1.904,-2.848],[1.904,-2.848],[1.904,-2.04],[-0.896,-2.04],[-0.896,-0.456],[1.743,-0.456],[1.743,0.36],[-0.896,0.36],[-0.896,2.04],[1.904,2.04],[1.904,2.848]],"c":true},"ix":2},"nm":"Path 1","mn":"ADBE Vector Shape - Group","hd":false},{"ty":"fl","c":{"a":0,"k":[0.211999990426,0.211999990426,0.211999990426,1],"ix":4},"o":{"a":0,"k":100,"ix":5},"r":1,"bm":0,"nm":"Fill 1","mn":"ADBE Vector Graphic - Fill","hd":false},{"ty":"tr","p":{"a":0,"k":[30.499,3.162],"ix":2},"a":{"a":0,"k":[0,0],"ix":1},"s":{"a":0,"k":[100,100],"ix":3},"r":{"a":0,"k":0,"ix":6},"o":{"a":0,"k":100,"ix":7},"sk":{"a":0,"k":0,"ix":4},"sa":{"a":0,"k":0,"ix":5},"nm":"Transform"}],"nm":"Group 2","np":2,"cix":2,"bm":0,"ix":2,"mn":"ADBE Vector Group","hd":false},{"ty":"gr","it":[{"ind":0,"ty":"sh","ix":1,"ks":{"a":0,"k":{"i":[[0,0],[0,0],[0,0],[0,0]],"o":[[0,0],[0,0],[0,0],[0,0]],"v":[[1.468,-2.848],[2.476,-2.848],[2.476,2.848],[1.468,2.848]],"c":true},"ix":2},"nm":"Path 1","mn":"ADBE Vector Shape - Group","hd":false},{"ind":1,"ty":"sh","ix":2,"ks":{"a":0,"k":{"i":[[0,0]],"o":[[0,0]],"v":[[1.468,2.848]],"c":false},"ix":2},"nm":"Path 2","mn":"ADBE Vector Shape - Group","hd":false},{"ind":2,"ty":"sh","ix":3,"ks":{"a":0,"k":{"i":[[0,0],[0,0],[0,0],[0,0]],"o":[[0,0],[0,0],[0,0],[0,0]],"v":[[-2.108,-0.456],[2.06,-0.456],[2.06,0.367],[-2.108,0.367]],"c":true},"ix":2},"nm":"Path 3","mn":"ADBE Vector Shape - Group","hd":false},{"ind":3,"ty":"sh","ix":4,"ks":{"a":0,"k":{"i":[[0,0]],"o":[[0,0]],"v":[[-2.108,0.368]],"c":false},"ix":2},"nm":"Path 4","mn":"ADBE Vector Shape - Group","hd":false},{"ind":4,"ty":"sh","ix":5,"ks":{"a":0,"k":{"i":[[0,0],[0,0],[0,0],[0,0]],"o":[[0,0],[0,0],[0,0],[0,0]],"v":[[-2.476,-2.848],[-1.46,-2.848],[-1.46,2.848],[-2.476,2.848]],"c":true},"ix":2},"nm":"Path 5","mn":"ADBE Vector Shape - Group","hd":false},{"ty":"mm","mm":1,"nm":"Merge Paths 1","mn":"ADBE Vector Filter - Merge","hd":false},{"ty":"fl","c":{"a":0,"k":[0.211999990426,0.211999990426,0.211999990426,1],"ix":4},"o":{"a":0,"k":100,"ix":5},"r":1,"bm":0,"nm":"Fill 1","mn":"ADBE Vector Graphic - Fill","hd":false},{"ty":"tr","p":{"a":0,"k":[24.878,3.162],"ix":2},"a":{"a":0,"k":[0,0],"ix":1},"s":{"a":0,"k":[100,100],"ix":3},"r":{"a":0,"k":0,"ix":6},"o":{"a":0,"k":100,"ix":7},"sk":{"a":0,"k":0,"ix":4},"sa":{"a":0,"k":0,"ix":5},"nm":"Transform"}],"nm":"Group 3","np":7,"cix":2,"bm":0,"ix":3,"mn":"ADBE Vector Group","hd":false},{"ty":"gr","it":[{"ind":0,"ty":"sh","ix":1,"ks":{"a":0,"k":{"i":[[0.384,0],[0.416,0.237],[0.222,0.437],[0,0.598],[-0.22,0.436],[-0.416,0.238],[-0.565,0],[-0.339,-0.115],[-0.225,-0.219],[0,0],[0.251,0.094],[0.288,0],[0.302,-0.354],[0,-0.672],[-0.301,-0.36],[-0.55,0],[-0.25,0.094],[-0.262,0.208],[0,0],[0.338,-0.114]],"o":[[-0.565,0],[-0.416,-0.238],[-0.22,-0.438],[0,-0.592],[0.222,-0.435],[0.416,-0.237],[0.384,0],[0.338,0.114],[0,0],[-0.262,-0.208],[-0.25,-0.092],[-0.55,0],[-0.301,0.356],[0,0.673],[0.302,0.359],[0.288,0],[0.251,-0.092],[0,0],[-0.225,0.219],[-0.339,0.115]],"v":[[0.417,2.912],[-1.057,2.556],[-2.012,1.544],[-2.344,-0.009],[-2.012,-1.549],[-1.057,-2.557],[0.417,-2.912],[1.501,-2.74],[2.344,-2.24],[2.008,-1.488],[1.24,-1.941],[0.432,-2.08],[-0.844,-1.549],[-1.297,-0.009],[-0.844,1.54],[0.432,2.08],[1.24,1.939],[2.008,1.487],[2.344,2.239],[1.501,2.739]],"c":true},"ix":2},"nm":"Path 1","mn":"ADBE Vector Shape - Group","hd":false},{"ty":"fl","c":{"a":0,"k":[0.211999990426,0.211999990426,0.211999990426,1],"ix":4},"o":{"a":0,"k":100,"ix":5},"r":1,"bm":0,"nm":"Fill 1","mn":"ADBE Vector Graphic - Fill","hd":false},{"ty":"tr","p":{"a":0,"k":[19.098,3.162],"ix":2},"a":{"a":0,"k":[0,0],"ix":1},"s":{"a":0,"k":[100,100],"ix":3},"r":{"a":0,"k":0,"ix":6},"o":{"a":0,"k":100,"ix":7},"sk":{"a":0,"k":0,"ix":4},"sa":{"a":0,"k":0,"ix":5},"nm":"Transform"}],"nm":"Group 4","np":2,"cix":2,"bm":0,"ix":4,"mn":"ADBE Vector Group","hd":false},{"ty":"gr","it":[{"ind":0,"ty":"sh","ix":1,"ks":{"a":0,"k":{"i":[[0,0],[0,0],[0,0],[0,0],[0,0],[0,0],[0,0],[0,0]],"o":[[0,0],[0,0],[0,0],[0,0],[0,0],[0,0],[0,0],[0,0]],"v":[[-0.52,2.848],[-0.52,-2],[-2.376,-2],[-2.376,-2.848],[2.376,-2.848],[2.376,-2],[0.52,-2],[0.52,2.848]],"c":true},"ix":2},"nm":"Path 1","mn":"ADBE Vector Shape - Group","hd":false},{"ty":"fl","c":{"a":0,"k":[0.211999990426,0.211999990426,0.211999990426,1],"ix":4},"o":{"a":0,"k":100,"ix":5},"r":1,"bm":0,"nm":"Fill 1","mn":"ADBE Vector Graphic - Fill","hd":false},{"ty":"tr","p":{"a":0,"k":[14.179,3.162],"ix":2},"a":{"a":0,"k":[0,0],"ix":1},"s":{"a":0,"k":[100,100],"ix":3},"r":{"a":0,"k":0,"ix":6},"o":{"a":0,"k":100,"ix":7},"sk":{"a":0,"k":0,"ix":4},"sa":{"a":0,"k":0,"ix":5},"nm":"Transform"}],"nm":"Group 5","np":2,"cix":2,"bm":0,"ix":5,"mn":"ADBE Vector Group","hd":false},{"ty":"gr","it":[{"ind":0,"ty":"sh","ix":1,"ks":{"a":0,"k":{"i":[[0,0],[0,0],[0,0],[0,0]],"o":[[0,0],[0,0],[0,0],[0,0]],"v":[[-1.859,1.512],[-1.467,0.712],[1.437,0.712],[1.813,1.512]],"c":true},"ix":2},"nm":"Path 1","mn":"ADBE Vector Shape - Group","hd":false},{"ind":1,"ty":"sh","ix":2,"ks":{"a":0,"k":{"i":[[0,0],[0,0],[0,0],[0,0],[0,0],[0,0],[0,0],[0,0]],"o":[[0,0],[0,0],[0,0],[0,0],[0,0],[0,0],[0,0],[0,0]],"v":[[-1.956,2.848],[-2.996,2.848],[-0.42,-2.848],[0.42,-2.848],[2.996,2.848],[1.972,2.848],[-0.124,-2.049],[0.157,-2.049]],"c":true},"ix":2},"nm":"Path 2","mn":"ADBE Vector Shape - Group","hd":false},{"ty":"mm","mm":1,"nm":"Merge Paths 1","mn":"ADBE Vector Filter - Merge","hd":false},{"ty":"fl","c":{"a":0,"k":[0.211999990426,0.211999990426,0.211999990426,1],"ix":4},"o":{"a":0,"k":100,"ix":5},"r":1,"bm":0,"nm":"Fill 1","mn":"ADBE Vector Graphic - Fill","hd":false},{"ty":"tr","p":{"a":0,"k":[9.414,3.162],"ix":2},"a":{"a":0,"k":[0,0],"ix":1},"s":{"a":0,"k":[100,100],"ix":3},"r":{"a":0,"k":0,"ix":6},"o":{"a":0,"k":100,"ix":7},"sk":{"a":0,"k":0,"ix":4},"sa":{"a":0,"k":0,"ix":5},"nm":"Transform"}],"nm":"Group 6","np":4,"cix":2,"bm":0,"ix":6,"mn":"ADBE Vector Group","hd":false},{"ty":"gr","it":[{"ind":0,"ty":"sh","ix":1,"ks":{"a":0,"k":{"i":[[0,0],[0,0],[0,0],[0,0],[0,0],[0,0],[0,0],[0,0],[0,0],[0,0],[0,0],[0,0],[0,0],[0,0],[0,0],[0,0]],"o":[[0,0],[0,0],[0,0],[0,0],[0,0],[0,0],[0,0],[0,0],[0,0],[0,0],[0,0],[0,0],[0,0],[0,0],[0,0],[0,0]],"v":[[-2.772,2.848],[-2.772,-2.848],[-1.948,-2.848],[0.205,2.056],[-0.188,2.056],[1.949,-2.848],[2.772,-2.848],[2.772,2.848],[1.852,2.848],[1.844,-1.368],[2.117,-1.304],[0.34,2.848],[-0.339,2.848],[-2.156,-1.304],[-1.868,-1.368],[-1.86,2.848]],"c":true},"ix":2},"nm":"Path 1","mn":"ADBE Vector Shape - Group","hd":false},{"ty":"fl","c":{"a":0,"k":[0.211999990426,0.211999990426,0.211999990426,1],"ix":4},"o":{"a":0,"k":100,"ix":5},"r":1,"bm":0,"nm":"Fill 1","mn":"ADBE Vector Graphic - Fill","hd":false},{"ty":"tr","p":{"a":0,"k":[3.022,3.162],"ix":2},"a":{"a":0,"k":[0,0],"ix":1},"s":{"a":0,"k":[100,100],"ix":3},"r":{"a":0,"k":0,"ix":6},"o":{"a":0,"k":100,"ix":7},"sk":{"a":0,"k":0,"ix":4},"sa":{"a":0,"k":0,"ix":5},"nm":"Transform"}],"nm":"Group 7","np":2,"cix":2,"bm":0,"ix":7,"mn":"ADBE Vector Group","hd":false}],"ip":0,"op":150.000006109625,"st":0,"bm":0},{"ddd":0,"ind":3,"ty":4,"nm":"masking 2","tt":1,"sr":1,"ks":{"o":{"a":0,"k":100,"ix":11},"r":{"a":0,"k":0,"ix":10},"p":{"a":0,"k":[45,43.084,0],"ix":2},"a":{"a":0,"k":[0.128,15.084,0],"ix":1},"s":{"a":0,"k":[100,100,100],"ix":6}},"ao":0,"shapes":[{"ty":"gr","it":[{"ty":"rc","d":1,"s":{"a":0,"k":[311.256,12.168],"ix":2},"p":{"a":0,"k":[0,0],"ix":3},"r":{"a":0,"k":0,"ix":4},"nm":"Rectangle Path 1","mn":"ADBE Vector Shape - Rect","hd":false},{"ty":"fl","c":{"a":0,"k":[0.211764720842,0.211764720842,0.211764720842,1],"ix":4},"o":{"a":0,"k":100,"ix":5},"r":1,"bm":0,"nm":"Fill 1","mn":"ADBE Vector Graphic - Fill","hd":false},{"ty":"tr","p":{"a":0,"k":[0.128,15.084],"ix":2},"a":{"a":0,"k":[0,0],"ix":1},"s":{"a":0,"k":[100,100],"ix":3},"r":{"a":0,"k":0,"ix":6},"o":{"a":0,"k":100,"ix":7},"sk":{"a":0,"k":0,"ix":4},"sa":{"a":0,"k":0,"ix":5},"nm":"Transform"}],"nm":"Rectangle 1","np":3,"cix":2,"bm":0,"ix":1,"mn":"ADBE Vector Group","hd":false}],"ip":0,"op":150.000006109625,"st":0,"bm":0}],"markers":[]}